Workbook

Sheet Jury1
A1: Team Name | B1: Team Strength | C1: Team Lead Name | D1: Innovation/Creativity (Out of 10) | E1: Technical Implementation (Out of 10) | F1: Impact / Usefulness (Out of 10) | G1: Presentation / Clarity (Out of 10) | H1: Scalability / Sustainability (Out of 10) | I1: Remarks | J1: Total
A2: Code Crusaders | B2: 2 | C2: Aarav Mehta | D2: 5 | E2: 8 | F2: 5 | G2: 6 | H2: 5 | I2: Good! | J2: =SUM(D2:H2) -> 29
A3: Debug Thugs | B3: 3 | C3: Riya Sharma | D3: 7 | E3: 5 | F3: 6 | G3: 7 | H3: 6 | I3: Good! | J3: =SUM(D3:H3) -> 31
A4: Byte Busters | B4: 2 | C4: Kunal Verma | D4: 6.5 | E4: 7 | F4: 7 | G4: 9 | H4: 8 | I4: Very Good! | J4: =SUM(D4:H4) -> 37.5
A5: HackStreet Boys | B5: 3 | C5: Sneha Iyer | D5: 6 | E5: 5 | F5: 9 | G5: 5 | H5: 8 | I5: Good! | J5: =SUM(D5:H5) -> 33
A6: Algorithm Avengers | B6: 2 | C6: Arjun Deshmukh | D6: 8 | E6: 8.5 | F6: 5.5 | G6: 6 | H6: 6 | I6: Very Good! | J6: =SUM(D6:H6) -> 34
A7: Pixel Pioneers | B7: 4 | C7: Priya Nair | D7: 9 | E7: 6 | F7: 7 | G7: 8 | H7: 5.6 | I7: Very Good! | J7: =SUM(D7:H7) -> 35.6
A8: Ctrl Alt Defeat | B8: 3 | C8: Rohit Bansal | D8: 7 | E8: 5 | F8: 8 | G8: 7 | H8: 7 | I8: Very Good! | J8: =SUM(D8:H8) -> 34
A9: The Innovators | B9: 2 | C9: Neha Kulkarni | D9: 7.5 | E9: 8 | F9: 7.5 | G9: 6 | H9: 8 | I9: Excellent! | J9: =SUM(D9:H9) -> 37

Sheet Jury2
A1: Team Name | B1: Team Strength | C1: Team Lead Name | D1: Innovation/Creativity (Out of 10) | E1: Technical Implementation (Out of 10) | F1: Impact / Usefulness (Out of 10) | G1: Presentation / Clarity (Out of 10) | H1: Scalability / Sustainability (Out of 10) | I1: Remarks | J1: Total
A2: Code Crusaders | B2: 2 | C2: Aarav Mehta | D2: 6 | E2: 8 | F2: 5 | G2: 6 | H2: 5 | I2: Good! | J2: =SUM(D2:H2) -> 30
A3: Debug Thugs | B3: 3 | C3: Riya Sharma | D3: 7 | E3: 6 | F3: 6 | G3: 7 | H3: 5 | I3: Good! | J3: =SUM(D3:H3) -> 31
A4: Byte Busters | B4: 2 | C4: Kunal Verma | D4: 7 | E4: 7 | F4: 6.5 | G4: 8.5 | H4: 7 | I4: Very Good! | J4: =SUM(D4:H4) -> 36
A5: HackStreet Boys | B5: 3 | C5: Sneha Iyer | D5: 6.5 | E5: 5 | F5: 9 | G5: 5 | H5: 9 | I5: Very Good! | J5: =SUM(D5:H5) -> 34.5
A6: Algorithm Avengers | B6: 2 | C6: Arjun Deshmukh | D6: 8 | E6: 7.5 | F6: 5.5 | G6: 7 | H6: 6 | I6: Very Good! | J6: =SUM(D6:H6) -> 34
A7: Pixel Pioneers | B7: 4 | C7: Priya Nair | D7: 8 | E7: 6 | F7: 7 | G7: 9 | H7: 5.6 | I7: Very Good! | J7: =SUM(D7:H7) -> 35.6
A8: Ctrl Alt Defeat | B8: 3 | C8: Rohit Bansal | D8: 7 | E8: 7.5 | F8: 8.5 | G8: 5 | H8: 6 | I8: Very Good! | J8: =SUM(D8:H8) -> 34
A9: The Innovators | B9: 2 | C9: Neha Kulkarni | D9: 7.5 | E9: 9 | F9: 7.5 | G9: 6 | H9: 6.5 | I9: Excellent! | J9: =SUM(D9:H9) -> 36.5

Sheet Jury3
A1: Team Name | B1: Team Strength | C1: Team Lead Name | D1: Innovation/Creativity (Out of 10) | E1: Technical Implementation (Out of 10) | F1: Impact / Usefulness (Out of 10) | G1: Presentation / Clarity (Out of 10) | H1: Scalability / Sustainability (Out of 10) | I1: Remarks | J1: Total
A2: Code Crusaders | B2: 2 | C2: Aarav Mehta | D2: 5 | E2: 5 | F2: 5 | G2: 6 | H2: 6 | I2: Good! | J2: =SUM(D2:H2) -> 27
A3: Debug Thugs | B3: 3 | C3: Riya Sharma | D3: 7 | E3: 6 | F3: 6 | G3: 7 | H3: 5 | I3: Good! | J3: =SUM(D3:H3) -> 31
A4: Byte Busters | B4: 2 | C4: Kunal Verma | D4: 6 | E4: 7 | F4: 7 | G4: 6 | H4: 7 | I4: Good! | J4: =SUM(D4:H4) -> 33
A5: HackStreet Boys | B5: 3 | C5: Sneha Iyer | D5: 7.5 | E5: 5 | F5: 9 | G5: 5.5 | H5: 8 | I5: Very Good! | J5: =SUM(D5:H5) -> 35
A6: Algorithm Avengers | B6: 2 | C6: Arjun Deshmukh | D6: 8 | E6: 6.5 | F6: 5.5 | G6: 7 | H6: 4.5 | I6: Very Good! | J6: =SUM(D6:H6) -> 31.5
A7: Pixel Pioneers | B7: 4 | C7: Priya Nair | D7: 9 | E7: 6 | F7: 7 | G7: 9 | H7: 5.6 | I7: Excellent! | J7: =SUM(D7:H7) -> 36.6
A8: Ctrl Alt Defeat | B8: 3 | C8: Rohit Bansal | D8: 7 | E8: 7.5 | F8: 8.5 | G8: 5 | H8: 6 | I8: Very Good! | J8: =SUM(D8:H8) -> 34
A9: The Innovators | B9: 2 | C9: Neha Kulkarni | D9: 7.5 | E9: 8 | F9: 7.5 | G9: 6 | H9: 6.5 | I9: Very Good! | J9: =SUM(D9:H9) -> 35.5

Sheet main_Sheet
A1: Team Name | B1: Team Strength | C1: Team Lead Name | D1: Innovation/Creativity (Out of 10) | G1: Technical Implementation (Out of 10) | J1: Impact / Usefulness (Out of 10) | M1: Presentation / Clarity (Out of 10) | P1: Scalability / Sustainability (Out of 10) | S1: Total (Out of 50) | V1: Grand Total (Out of 150) | W1: Rank
D2: Jury 1 Rajesh Malhotra | E2: Jury 2 Ananya Iyer | F2: Jury 3 Vikram Deshpande | G2: Jury 1 Rajesh Malhotra | H2: Jury 2 Ananya Iyer | I2: Jury 3 Vikram Deshpande | J2: Jury 1 Rajesh Malhotra | K2: Jury 2 Ananya Iyer | L2: Jury 3 Vikram Deshpande | M2: Jury 1 Rajesh Malhotra | N2: Jury 2 Ananya Iyer | O2: Jury 3 Vikram Deshpande | P2: Jury 1 Rajesh Malhotra | Q2: Jury 2 Ananya Iyer | R2: Jury 3 Vikram Deshpande | S2: Jury 1 Rajesh Malhotra | T2: Jury 2 Ananya Iyer | U2: Jury 3 Vikram Deshpande
A3: Code Crusaders | B3: 2 | C3: Aarav Mehta | D3: =VLOOKUP(A3,Jury1!$A$1:$J$9,4,FALSE) -> 5 | E3: =VLOOKUP(A3,Jury2!$A$2:$J$9,4,FALSE) -> 6 | F3: =VLOOKUP(main_Sheet!A3,Jury3!A1:J9,4,FALSE) -> 5 | G3: =VLOOKUP(A3,Jury1!A1:J9,5,FALSE) -> 8 | H3: =VLOOKUP(A3,Jury2!A1:J9,5,FALSE) -> 8 | I3: =VLOOKUP(A3,Jury3!A1:J9,5,FALSE) -> 5 | J3: =VLOOKUP(A3,Jury1!A1:J9,6,FALSE) -> 5 | K3: =VLOOKUP(A3,Jury2!A1:J9,6,FALSE) -> 5 | L3: =VLOOKUP(A3,Jury1!A1:J9,6,FALSE) -> 5 | M3: =VLOOKUP(A3,Jury1!A1:J9,7,FALSE) -> 6 | N3: =VLOOKUP(A3,Jury2!A1:J9,7,FALSE) -> 6 | O3: =VLOOKUP(A3,Jury3!A1:J9,7,FALSE) -> 6 | P3: =VLOOKUP(A3,Jury1!A1:J9,8,FALSE) -> 5 | Q3: =VLOOKUP(A3,Jury2!A1:J9,8,FALSE) -> 5 | R3: =VLOOKUP(A3,Jury3!A1:J9,8,FALSE) -> 6 | S3: =SUM(D3,G3,J3,M3,P3) -> 29 | T3: =SUM(E3,H3,K3,N3,Q3) -> 30 | U3: =SUM(F3,I3,L3,O3,R3) -> 27 | V3: =SUM(S3:U3) -> 86 | W3: =RANK(V3,$V$3:$V$10,0) -> 8
A4: Debug Thugs | B4: 3 | C4: Riya Sharma | D4: =VLOOKUP(A4,Jury1!$A$1:$J$9,4,FALSE) -> 7 | E4: =VLOOKUP(A4,Jury2!$A$2:$J$9,4,FALSE) -> 7 | F4: =VLOOKUP(main_Sheet!A4,Jury3!A2:J10,4,FALSE) -> 7 | G4: =VLOOKUP(A4,Jury1!A2:J10,5,) -> 5 | H4: =VLOOKUP(A4,Jury2!A2:J10,5,FALSE) -> 6 | I4: =VLOOKUP(A4,Jury3!A2:J10,5,FALSE) -> 6 | J4: =VLOOKUP(A4,Jury1!A2:J10,6,FALSE) -> 6 | K4: =VLOOKUP(A4,Jury2!A2:J10,6,FALSE) -> 6 | L4: =VLOOKUP(A4,Jury1!A2:J10,6,FALSE) -> 6 | M4: =VLOOKUP(A4,Jury1!A2:J10,7,FALSE) -> 7 | N4: =VLOOKUP(A4,Jury2!A2:J10,7,FALSE) -> 7 | O4: =VLOOKUP(A4,Jury3!A2:J10,7,FALSE) -> 7 | P4: =VLOOKUP(A4,Jury1!A2:J10,8,FALSE) -> 6 | Q4: =VLOOKUP(A4,Jury2!A2:J10,8,FALSE) -> 5 | R4: =VLOOKUP(A4,Jury3!A2:J10,8,FALSE) -> 5 | S4: =SUM(D4,G4,J4,M4,P4) -> 31 | T4: =SUM(E4,H4,K4,N4,Q4) -> 31 | U4: =SUM(F4,I4,L4,O4,R4) -> 31 | V4: =SUM(S4:U4) -> 93 | W4: =RANK(V4,$V$3:$V$10,0) -> 7
A5: Byte Busters | B5: 2 | C5: Kunal Verma | D5: =VLOOKUP(A5,Jury1!$A$1:$J$9,4,FALSE) -> 6.5 | E5: =VLOOKUP(A5,Jury2!$A$2:$J$9,4,FALSE) -> 7 | F5: =VLOOKUP(main_Sheet!A5,Jury3!A3:J11,4,FALSE) -> 6 | G5: =VLOOKUP(A5,Jury1!A3:J11,5,) -> 7 | H5: =VLOOKUP(A5,Jury2!A3:J11,5,FALSE) -> 7 | I5: =VLOOKUP(A5,Jury3!A3:J11,5,FALSE) -> 7 | J5: =VLOOKUP(A5,Jury1!A3:J11,6,FALSE) -> 7 | K5: =VLOOKUP(A5,Jury2!A3:J11,6,FALSE) -> 6.5 | L5: =VLOOKUP(A5,Jury1!A3:J11,6,FALSE) -> 7 | M5: =VLOOKUP(A5,Jury1!A3:J11,7,FALSE) -> 9 | N5: =VLOOKUP(A5,Jury2!A3:J11,7,FALSE) -> 8.5 | O5: =VLOOKUP(A5,Jury3!A3:J11,7,FALSE) -> 6 | P5: =VLOOKUP(A5,Jury1!A3:J11,8,FALSE) -> 8 | Q5: =VLOOKUP(A5,Jury2!A3:J11,8,FALSE) -> 7 | R5: =VLOOKUP(A5,Jury3!A3:J11,8,FALSE) -> 7 | S5: =SUM(D5,G5,J5,M5,P5) -> 37.5 | T5: =SUM(E5,H5,K5,N5,Q5) -> 36 | U5: =SUM(F5,I5,L5,O5,R5) -> 33 | V5: =SUM(S5:U5) -> 106.5 | W5: =RANK(V5,$V$3:$V$10,0) -> 3
A6: HackStreet Boys | B6: 3 | C6: Sneha Iyer | D6: =VLOOKUP(A6,Jury1!$A$1:$J$9,4,FALSE) -> 6 | E6: =VLOOKUP(A6,Jury2!$A$2:$J$9,4,FALSE) -> 6.5 | F6: =VLOOKUP(main_Sheet!A6,Jury3!A4:J12,4,FALSE) -> 7.5 | G6: =VLOOKUP(A6,Jury1!A4:J12,5,) -> 5 | H6: =VLOOKUP(A6,Jury2!A4:J12,5,FALSE) -> 5 | I6: =VLOOKUP(A6,Jury3!A4:J12,5,FALSE) -> 5 | J6: =VLOOKUP(A6,Jury1!A4:J12,6,FALSE) -> 9 | K6: =VLOOKUP(A6,Jury2!A4:J12,6,FALSE) -> 9 | L6: =VLOOKUP(A6,Jury1!A4:J12,6,FALSE) -> 9 | M6: =VLOOKUP(A6,Jury1!A4:J12,7,FALSE) -> 5 | N6: =VLOOKUP(A6,Jury2!A4:J12,7,FALSE) -> 5 | O6: =VLOOKUP(A6,Jury3!A4:J12,7,FALSE) -> 5.5 | P6: =VLOOKUP(A6,Jury1!A4:J12,8,FALSE) -> 8 | Q6: =VLOOKUP(A6,Jury2!A4:J12,8,FALSE) -> 9 | R6: =VLOOKUP(A6,Jury3!A4:J12,8,FALSE) -> 8 | S6: =SUM(D6,G6,J6,M6,P6) -> 33 | T6: =SUM(E6,H6,K6,N6,Q6) -> 34.5 | U6: =SUM(F6,I6,L6,O6,R6) -> 35 | V6: =SUM(S6:U6) -> 102.5 | W6: =RANK(V6,$V$3:$V$10,0) -> 4
A7: Algorithm Avengers | B7: 2 | C7: Arjun Deshmukh | D7: =VLOOKUP(A7,Jury1!$A$1:$J$9,4,FALSE) -> 8 | E7: =VLOOKUP(A7,Jury2!$A$2:$J$9,4,FALSE) -> 8 | F7: =VLOOKUP(main_Sheet!A7,Jury3!A5:J13,4,FALSE) -> 8 | G7: =VLOOKUP(A7,Jury1!A5:J13,5,) -> 8.5 | H7: =VLOOKUP(A7,Jury2!A5:J13,5,FALSE) -> 7.5 | I7: =VLOOKUP(A7,Jury3!A5:J13,5,FALSE) -> 6.5 | J7: =VLOOKUP(A7,Jury1!A5:J13,6,FALSE) -> 5.5 | K7: =VLOOKUP(A7,Jury2!A5:J13,6,FALSE) -> 5.5 | L7: =VLOOKUP(A7,Jury1!A5:J13,6,FALSE) -> 5.5 | M7: =VLOOKUP(A7,Jury1!A5:J13,7,FALSE) -> 6 | N7: =VLOOKUP(A7,Jury2!A5:J13,7,FALSE) -> 7 | O7: =VLOOKUP(A7,Jury3!A5:J13,7,FALSE) -> 7 | P7: =VLOOKUP(A7,Jury1!A5:J13,8,FALSE) -> 6 | Q7: =VLOOKUP(A7,Jury2!A5:J13,8,FALSE) -> 6 | R7: =VLOOKUP(A7,Jury3!A5:J13,8,FALSE) -> 4.5 | S7: =SUM(D7,G7,J7,M7,P7) -> 34 | T7: =SUM(E7,H7,K7,N7,Q7) -> 34 | U7: =SUM(F7,I7,L7,O7,R7) -> 31.5 | V7: =SUM(S7:U7) -> 99.5 | W7: =RANK(V7,$V$3:$V$10,0) -> 6
A8: Pixel Pioneers | B8: 4 | C8: Priya Nair | D8: =VLOOKUP(A8,Jury1!$A$1:$J$9,4,FALSE) -> 9 | E8: =VLOOKUP(A8,Jury2!$A$2:$J$9,4,FALSE) -> 8 | F8: =VLOOKUP(main_Sheet!A8,Jury3!A6:J14,4,FALSE) -> 9 | G8: =VLOOKUP(A8,Jury1!A6:J14,5,) -> 6 | H8: =VLOOKUP(A8,Jury2!A6:J14,5,FALSE) -> 6 | I8: =VLOOKUP(A8,Jury3!A6:J14,5,FALSE) -> 6 | J8: =VLOOKUP(A8,Jury1!A6:J14,6,FALSE) -> 7 | K8: =VLOOKUP(A8,Jury2!A6:J14,6,FALSE) -> 7 | L8: =VLOOKUP(A8,Jury1!A6:J14,6,FALSE) -> 7 | M8: =VLOOKUP(A8,Jury1!A6:J14,7,FALSE) -> 8 | N8: =VLOOKUP(A8,Jury2!A6:J14,7,FALSE) -> 9 | O8: =VLOOKUP(A8,Jury3!A6:J14,7,FALSE) -> 9 | P8: =VLOOKUP(A8,Jury1!A6:J14,8,FALSE) -> 5.6 | Q8: =VLOOKUP(A8,Jury2!A6:J14,8,FALSE) -> 5.6 | R8: =VLOOKUP(A8,Jury3!A6:J14,8,FALSE) -> 5.6 | S8: =SUM(D8,G8,J8,M8,P8) -> 35.6 | T8: =SUM(E8,H8,K8,N8,Q8) -> 35.6 | U8: =SUM(F8,I8,L8,O8,R8) -> 36.6 | V8: =SUM(S8:U8) -> 107.8 | W8: =RANK(V8,$V$3:$V$10,0) -> 2
A9: Ctrl Alt Defeat | B9: 3 | C9: Rohit Bansal | D9: =VLOOKUP(A9,Jury1!$A$1:$J$9,4,FALSE) -> 7 | E9: =VLOOKUP(A9,Jury2!$A$2:$J$9,4,FALSE) -> 7 | F9: =VLOOKUP(main_Sheet!A9,Jury3!A7:J15,4,FALSE) -> 7 | G9: =VLOOKUP(A9,Jury1!A7:J15,5,) -> 5 | H9: =VLOOKUP(A9,Jury2!A7:J15,5,FALSE) -> 7.5 | I9: =VLOOKUP(A9,Jury3!A7:J15,5,FALSE) -> 7.5 | J9: =VLOOKUP(A9,Jury1!A7:J15,6,FALSE) -> 8 | K9: =VLOOKUP(A9,Jury2!A7:J15,6,FALSE) -> 8.5 | L9: =VLOOKUP(A9,Jury1!A7:J15,6,FALSE) -> 8 | M9: =VLOOKUP(A9,Jury1!A7:J15,7,FALSE) -> 7 | N9: =VLOOKUP(A9,Jury2!A7:J15,7,FALSE) -> 5 | O9: =VLOOKUP(A9,Jury3!A7:J15,7,FALSE) -> 5 | P9: =VLOOKUP(A9,Jury1!A7:J15,8,FALSE) -> 7 | Q9: =VLOOKUP(A9,Jury2!A7:J15,8,FALSE) -> 6 | R9: =VLOOKUP(A9,Jury3!A7:J15,8,FALSE) -> 6 | S9: =SUM(D9,G9,J9,M9,P9) -> 34 | T9: =SUM(E9,H9,K9,N9,Q9) -> 34 | U9: =SUM(F9,I9,L9,O9,R9) -> 33.5 | V9: =SUM(S9:U9) -> 101.5 | W9: =RANK(V9,$V$3:$V$10,0) -> 5
A10: The Innovators | B10: 2 | C10: Neha Kulkarni | D10: =VLOOKUP(A10,Jury1!$A$1:$J$9,4,FALSE) -> 7.5 | E10: =VLOOKUP(A10,Jury2!$A$2:$J$9,4,FALSE) -> 7.5 | F10: =VLOOKUP(main_Sheet!A10,Jury3!A8:J16,4,FALSE) -> 7.5 | G10: =VLOOKUP(A10,Jury1!A8:J16,5,) -> 8 | H10: =VLOOKUP(A10,Jury2!A8:J16,5,FALSE) -> 9 | I10: =VLOOKUP(A10,Jury3!A8:J16,5,FALSE) -> 8 | J10: =VLOOKUP(A10,Jury1!A8:J16,6,FALSE) -> 7.5 | K10: =VLOOKUP(A10,Jury2!A8:J16,6,FALSE) -> 7.5 | L10: =VLOOKUP(A10,Jury1!A8:J16,6,FALSE) -> 7.5 | M10: =VLOOKUP(A10,Jury1!A8:J16,7,FALSE) -> 6 | N10: =VLOOKUP(A10,Jury2!A8:J16,7,FALSE) -> 6 | O10: =VLOOKUP(A10,Jury3!A8:J16,7,FALSE) -> 6 | P10: =VLOOKUP(A10,Jury1!A8:J16,8,FALSE) -> 8 | Q10: =VLOOKUP(A10,Jury2!A8:J16,8,FALSE) -> 6.5 | R10: =VLOOKUP(A10,Jury3!A8:J16,8,FALSE) -> 6.5 | S10: =SUM(D10,G10,J10,M10,P10) -> 37 | T10: =SUM(E10,H10,K10,N10,Q10) -> 36.5 | U10: =SUM(F10,I10,L10,O10,R10) -> 35.5 | V10: =SUM(S10:U10) -> 109 | W10: =RANK(V10,$V$3:$V$10,0) -> 1
